,true_coef,linreg_coef,ridge_coef,lasso_coef,gibbs_coef
0,7.0,6.945047460088541,6.942184049291956,6.938707764826086,6.943392982263683
1,1.0,0.9708772961435712,0.9705604276418076,0.9616126695084997,0.9681382989416776
2,0.0,0.8336714865225561,0.7964888428317636,0.0,0.581157768655707
3,4.0,3.980728065037593,3.980158471465259,3.9774855641455455,3.98142723394949
4,3.0,2.920466883561161,2.910189279911014,2.814855616699747,2.911239201664293
5,0.0,0.4911474945910078,0.44357538028180976,0.0,-0.2535741753195595
